Keyword,Title,Link,Date,RelevanceScore
phát triển bền vững,Đổi mới để phát triển bền vững,https://baocamau.vn/doi-moi-de-phat-trien-ben-vung-a33418.html,10/7/2024,799
năng lượng,An ninh năng lượng cho phát triển bền vững,https://baocamau.vn/an-ninh-nang-luong-cho-phat-trien-ben-vung-a33948.html,16-08-2024,0.7904
biến đổi,Thích ứng với biến đổi khí hậu,https://baocamau.vn/thich-ung-voi-bien-doi-khi-hau-a34521.html,22-09-2024,0.7793
phát triển bền vững,Thuận thiên vì sự phát triển bền vững,https://baocamau.vn/thuan-thien-vi-su-phat-trien-ben-vung-a32255.html,25-04-2024,0.7786
rừng,Nghiêm ngặt bảo vệ rừng,https://baocamau.vn/nghiem-ngat-bao-ve-rung-a31401.html,24-02-2024,0.7661
năng lượng,Tiềm năng từ năng lượng tái tạo,https://baocamau.vn/tiem-nang-tu-nang-luong-tai-tao-a31255.html,11/2/2024,0.7535
biến đổi,Cuộc chiến dài hơi trước biến đổi khí hậu,https://baocamau.vn/cuoc-chien-dai-hoi-truoc-bien-doi-khi-hau-a35844.html,28-11-2024,0.7532
rừng,Du lịch gắn bảo vệ rừng,https://baocamau.vn/du-lich-gan-bao-ve-rung-a31940.html,5/4/2024,0.7238
biến đổi,Nuôi tôm bền vững thích ứng với biến đổi khí hậu,https://baocamau.vn/nuoi-tom-ben-vung-thich-ung-voi-bien-doi-khi-hau-a33240.html,28-06-2024,0.7093
phát triển bền vững,Dinh dưỡng hợp lý để phát triển bền vững,https://baocamau.vn/dinh-duong-hop-ly-de-phat-trien-ben-vung-a34399.html,12/9/2024,0.7067
biến đổi,Toạ đàm về bảo vệ môi trường và ứng phó biến đổi khí hậu,https://baocamau.vn/toa-dam-ve-bao-ve-moi-truong-va-ung-pho-bien-doi-khi-hau-a32497.html,10/5/2024,0.7039
phát triển bền vững,"Việt Nam trân trọng độc lập, phát triển bền vững",https://baocamau.vn/viet-nam-tran-trong-doc-lap-phat-trien-ben-vung-a34234.html,2/9/2024,0.7012
phát triển bền vững,Thay đổi để phát triển bền vững ngành hàng chủ lực,https://baocamau.vn/thay-doi-de-phat-trien-ben-vung-nganh-hang-chu-luc-a34226.html,2/9/2024,0.6927
môi trường,Cộng đồng bảo vệ môi trường,https://baocamau.vn/cong-dong-bao-ve-moi-truong-a31547.html,7/3/2024,0.6832
rừng,Trồng 3.000 cây xanh khu vực rừng phòng hộ,https://baocamau.vn/trong-3-000-cay-xanh-khu-vuc-rung-phong-ho-a33137.html,22-06-2024,0.6725
thiên tai,Hỗ trợ người dân vượt thiên tai,https://baocamau.vn/ho-tro-nguoi-dan-vuot-thien-tai-a32159.html,18-04-2024,0.6721
năng lượng,Lợi ích kép từ điện năng lượng mặt trời,https://baocamau.vn/loi-ich-kep-tu-dien-nang-luong-mat-troi-a34393.html,12/9/2024,0.6655
môi trường,Bảo vệ môi trường từ học đường,https://baocamau.vn/bao-ve-moi-truong-tu-hoc-duong-a32723.html,27-05-2024,665
rừng,Bảo vệ rừng cụm đảo Hòn Khoai,https://baocamau.vn/bao-ve-rung-cum-dao-hon-khoai-a32331.html,1/5/2024,0.6634
tín chỉ carbon,Sớm phát triển thị trường tín chỉ carbon,https://baocamau.vn/som-phat-trien-thi-truong-tin-chi-carbon-a33422.html,11/7/2024,0.6603
môi trường,Hiệu quả tín dụng nước sạch và vệ sinh môi trường,https://baocamau.vn/hieu-qua-tin-dung-nuoc-sach-va-ve-sinh-moi-truong-a35559.html,15-11-2024,0.6587
biến đổi,"Ðể ứng phó hiệu quả, bền vững với biến đổi khí hậu",https://baocamau.vn/de-ung-pho-hieu-qua-ben-vung-voi-bien-doi-khi-hau-a32265.html,25-04-2024,0.6584
thiên tai,An toàn hơn trước thiên tai,https://baocamau.vn/an-toan-hon-truoc-thien-tai-a32891.html,6/6/2024,0.6583
năng lượng,Hội thảo phát triển điện năng lượng mặt trời,https://baocamau.vn/hoi-thao-phat-trien-dien-nang-luong-mat-troi-a33336.html,4/7/2024,0.6561
môi trường,Nuôi tôm siêu thâm canh thân thiện môi trường,https://baocamau.vn/nuoi-tom-sieu-tham-canh-than-thien-moi-truong-a32236.html,24-04-2024,0.6548
môi trường,Vốn ưu đãi nước sạch và vệ sinh môi trường,https://baocamau.vn/von-uu-dai-nuoc-sach-va-ve-sinh-moi-truong-a31824.html,27-03-2024,0.6547
năng lượng,"Hướng đến sử dụng năng lượng tiết kiệm, hiệu quả và an toàn",https://baocamau.vn/huong-den-su-dung-nang-luong-tiet-kiem-hieu-qua-va-an-toan-a31899.html,2/4/2024,0.6457
rừng,Chung tay giữ rừng,https://baocamau.vn/chung-tay-giu-rung-a31769.html,25-03-2024,644
môi trường,Gương mẫu bảo vệ môi trường,https://baocamau.vn/guong-mau-bao-ve-moi-truong-a33614.html,23-07-2024,0.6406
thiên tai,"Cảnh giác, chủ động phòng chống thiên tai",https://baocamau.vn/canh-giac-chu-dong-phong-chong-thien-tai-a34397.html,11/9/2024,0.6365
thiên tai,Chủ động ứng phó thiên tai trên biển,https://baocamau.vn/chu-dong-ung-pho-thien-tai-tren-bien-a34770.html,3/10/2024,634
môi trường,Cách hay bảo vệ môi trường,https://baocamau.vn/cach-hay-bao-ve-moi-truong-a31698.html,19-03-2024,0.6324
thiên tai,Toàn xã hội cùng phòng chống thiên tai,https://baocamau.vn/toan-xa-hoi-cung-phong-chong-thien-tai-a33428.html,11/7/2024,0.6324
thiên tai,"Sẵn sàng nhân lực, vật lực ứng phó thiên tai",https://baocamau.vn/san-sang-nhan-luc-vat-luc-ung-pho-thien-tai-a34890.html,10/10/2024,0.6306
rừng,Động viên lực lượng giữ rừng,https://baocamau.vn/dong-vien-luc-luong-giu-rung-a31707.html,19-03-2024,0.6299
thiên tai,Xây dựng cộng đồng an toàn trước thiên tai,https://baocamau.vn/xay-dung-cong-dong-an-toan-truoc-thien-tai-a33215.html,27-06-2024,0.6257
môi trường,Sản phẩm tái chế - Sáng tạo vì môi trường,https://baocamau.vn/san-pham-tai-che-sang-tao-vi-moi-truong-a34150.html,28-08-2024,0.6252
thiên tai,Ngành điện hướng về bà con vùng thiên tai,https://baocamau.vn/nganh-dien-huong-ve-ba-con-vung-thien-tai-a34623.html,25-09-2024,0.6246
rừng,"J&T Express góp sức trồng rừng, giảm phát thải và ứng phó biến đổi ...",https://baocamau.vn/j-t-express-gop-suc-trong-rung-giam-phat-thai-va-ung-pho-bien-doi-khi-hau-a35074.html,18-10-2024,0.6243
thiên tai,Sẵn sàng nhiệm vụ cung cấp điện trước thiên tai,https://baocamau.vn/san-sang-nhiem-vu-cung-cap-dien-truoc-thien-tai-a33300.html,3/7/2024,0.6231
thích ứng,Thay đổi để thích ứng và phát triển,https://baocamau.vn/thay-doi-de-thich-ung-va-phat-trien-a31929.html,4/4/2024,0.6223
thiên tai,Bảo vệ nhà ở và sản xuất trước thiên tai,https://baocamau.vn/bao-ve-nha-o-va-san-xuat-truoc-thien-tai-a34746.html,3/10/2024,619
thiên tai,Nâng cao chất lượng công tác dự báo thiên tai,https://baocamau.vn/nang-cao-chat-luong-cong-tac-du-bao-thien-tai-a32499.html,10/5/2024,0.6176
thiên tai,"Phải bám sát phương án phòng, chống thiên tai",https://baocamau.vn/phai-bam-sat-phuong-an-phong-chong-thien-tai-a33830.html,7/8/2024,0.6135
thiên tai,"Hoàn thiện hạ tầng, an toàn hơn trước thiên tai",https://baocamau.vn/hoan-thien-ha-tang-an-toan-hon-truoc-thien-tai-a33097.html,20-06-2024,0.6089
thiên tai,"Chủ động phòng, chống thiên tai theo phương châm “ 4 tại chỗ”",https://baocamau.vn/chu-dong-phong-chong-thien-tai-theo-phuong-cham-4-tai-cho--a34559.html,21-09-2024,607
môi trường,Thông điệp bảo vệ môi trường từ một hội thi,https://baocamau.vn/thong-diep-bao-ve-moi-truong-tu-mot-hoi-thi-a32850.html,5/6/2024,0.6066
hạn hán,Tìm kiếm từ tag công bố tình huống hạn hán khẩn cấp,https://baocamau.vn/tag/c%C3%B4ng%20b%E1%BB%91%20t%C3%ACnh%20hu%E1%BB%91ng%20h%E1%BA%A1n%20h%C3%A1n%20kh%E1%BA%A9n%20c%E1%BA%A5p.html,15-04-2024,0.6052
thiên tai,Tiến tới cộng đồng an toàn trước thiên tai,https://baocamau.vn/tien-toi-cong-dong-an-toan-truoc-thien-tai-a36368.html,26-12-2024,0.6024
năng lượng,Chung tay vì nguồn năng lượng lâu dài,https://baocamau.vn/chung-tay-vi-nguon-nang-luong-lau-dai-a31906.html,3/4/2024,0.6012
rừng,Phát triển kinh tế rừng U Minh Hạ,https://baocamau.vn/phat-trien-kinh-te-rung-u-minh-ha-a32777.html,30-05-2024,0.6007
thiên tai,"Gia tăng nguồn lực phòng, chống thiên tai",https://baocamau.vn/gia-tang-nguon-luc-phong-chong-thien-tai-a32472.html,9/5/2024,0.6003
rừng,Xuất khẩu tín chỉ carbon rừng: Tiềm năng chưa được khai thác,https://baocamau.vn/xuat-khau-tin-chi-carbon-rung-tiem-nang-chua-duoc-khai-thac-a30865.html,20-01-2024,0.5939
hạn hán,Cần được trợ lực ứng phó hạn hán,https://baocamau.vn/can-duoc-tro-luc-ung-pho-han-han-a31626.html,14-03-2024,0.5892
rừng,Hướng mở phát triển thị trường rừng ngập mặn từ việc thu tín chỉ ...,https://baocamau.vn/huong-mo-phat-trien-thi-truong-rung-ngap-man-tu-viec-thu-tin-chi-carbon-a32806.html,1/6/2024,0.5874
hạn hán,"Tiết kiệm nước, ngăn chặn hạn hán, xâm nhập mặn cần chiến lược ...",https://baocamau.vn/tiet-kiem-nuoc-ngan-chan-han-han-xam-nhap-man-can-chien-luoc-tong-the-a32838.html,4/6/2024,0.5869
môi trường,Tuổi trẻ vì môi trường xanh,https://baocamau.vn/tuoi-tre-vi-moi-truong-xanh-a34710.html,30-09-2024,0.5856
năng lượng,"Bàn giao công trình Thanh niên ""Điện năng lượng mặt trời"" tại Hòn ...",https://baocamau.vn/ban-giao-cong-trinh-thanh-nien-dien-nang-luong-mat-troi-tai-hon-chuoi-a31186.html,2/2/2024,0.5786
thiên tai,Ðề phòng thiên tai mùa mưa bão,https://baocamau.vn/de-phong-thien-tai-mua-mua-bao-a33171.html,25-06-2024,0.5779
thiên tai,"Sông Ðốc cần hỗ trợ thêm nguồn lực phòng, chống thiên tai",https://baocamau.vn/song-doc-can-ho-tro-them-nguon-luc-phong-chong-thien-tai-a36402.html,28-12-2024,0.5706
môi trường,Phụ nữ chung tay vì môi trường,https://baocamau.vn/phu-nu-chung-tay-vi-moi-truong-a36440.html,31-12-2024,0.5704
thiên tai,"Nhiều khó khăn trong thu quỹ Phòng, chống thiên tai",https://baocamau.vn/nhieu-kho-khan-trong-thu-quy-phong-chong-thien-tai-a34688.html,3/10/2024,0.5697
thiên tai,"Nhiều hạn chế cần khắc phục trong phòng, chống thiên tai",https://baocamau.vn/nhieu-han-che-can-khac-phuc-trong-phong-chong-thien-tai-a35296.html,31-10-2024,0.5683
rừng,Khởi đầu tốt đẹp cho phong trào trồng rừng,https://baocamau.vn/khoi-dau-tot-dep-cho-phong-trao-trong-rung-a33991.html,17-08-2024,0.5682
rừng,Chuẩn bị triển khai Dự án “Rừng cho trẻ em”,https://baocamau.vn/chuan-bi-trien-khai-du-an-rung-cho-tre-em--a31028.html,23-01-2024,0.5682
thích ứng,Sản xuất thích ứng hạn mặn,https://baocamau.vn/san-xuat-thich-ung-han-man-a31575.html,10/3/2024,0.5643
rừng,Thăm và chúc Tết các đơn vị khu vực rừng ngập mặn,https://baocamau.vn/tham-va-chuc-tet-cac-don-vi-khu-vuc-rung-ngap-man-a31045.html,24-01-2024,0.5632
thích ứng,Nuôi tôm thích ứng với hạn mặn,https://baocamau.vn/nuoi-tom-thich-ung-voi-han-man-a31596.html,12/3/2024,0.5576
môi trường,Ðồng lòng bảo vệ môi trường,https://baocamau.vn/dong-long-bao-ve-moi-truong-a35252.html,29-10-2024,0.5567
giờ Trái đất,Hưởng ứng chiến dịch Giờ Trái đất năm 2024,https://baocamau.vn/huong-ung-chien-dich-gio-trai-dat-nam-2024-a31762.html,22-03-2024,0.5543
hạn hán,"Thủ tướng chỉ đạo chủ động phòng, chống hạn hán, thiếu nước ...",https://baocamau.vn/thu-tuong-chi-dao-chu-dong-phong-chong-han-han-thieu-nuoc-xam-nhap-man-a36029.html,9/12/2024,0.5482
hạn hán,UBND tỉnh công bố tình huống khẩn cấp hạn hán cấp 2,https://baocamau.vn/ubnd-tinh-cong-bo-tinh-huong-khan-cap-han-han-cap-2-a32102.html,15-04-2024,0.5446
hạn hán,Thiệt hại do hạn hán vẫn còn tiếp diễn,https://baocamau.vn/thiet-hai-do-han-han-van-con-tiep-dien-a32358.html,1/5/2024,0.5428
rừng,Quyết tâm giữ rừng U Minh Hạ bình yên qua mùa khô hạn,https://baocamau.vn/quyet-tam-giu-rung-u-minh-ha-binh-yen-qua-mua-kho-han-a31412.html,24-02-2024,0.5358
môi trường,Đoàn viên thanh niên tổng vệ sinh môi trường “Mừng Đảng - Mừng ...,https://baocamau.vn/doan-vien-thanh-nien-tong-ve-sinh-moi-truong-mung-dang-mung-xuan-at-ty-2025-a36006.html,8/12/2024,0.5353
rừng,"Hồi sinh “rừng vàng, biển bạc” - Bài 4: Không thể chần chừ",https://baocamau.vn/hoi-sinh-rung-vang-bien-bac-bai-4-khong-the-chan-chu-a31652.html,15-03-2024,0.5322
rừng,Kiên quyết không để cháy rừng,https://baocamau.vn/kien-quyet-khong-de-chay-rung-a31927.html,4/4/2024,0.5319
thiên tai,Phòng Chống Thiên Tai,https://baocamau.vn/video/phong-chong-thien-tai.html?page=76,21-12-2024,0.5306
năng lượng,Năng lượng cho ngày mới,https://baocamau.vn/nang-luong-cho-ngay-moi-a34909.html,12/10/2024,0.5282
rừng,"Hồi sinh “rừng vàng, biển bạc” - Bài 2: Cá đồng kêu cứu",https://baocamau.vn/hoi-sinh-rung-vang-bien-bac-bai-2-ca-dong-keu-cuu-a31605.html,13-03-2024,0.5281
rừng,Chủ tịch UBND tỉnh chỉ đạo điều tra vụ cháy rừng,https://baocamau.vn/chu-tich-ubnd-tinh-chi-dao-dieu-tra-vu-chay-rung-a31917.html,3/4/2024,0.5246
hạn hán,Tìm kiếm từ tag Thiệt hại do hạn hán,https://baocamau.vn/tag/Thi%E1%BB%87t%20h%E1%BA%A1i%20do%20h%E1%BA%A1n%20h%C3%A1n.html,1/5/2024,0.5244
rừng,"Nhiều sai sót trong giao đất, giao rừng - Bài cuối: Tìm giải pháp gỡ khó",https://baocamau.vn/nhieu-sai-sot-trong-giao-dat-giao-rung-bai-cuoi-tim-giai-phap-go-kho-a33184.html,2/7/2024,0.5226
rừng,Phòng chống cháy rừng - Không bất ngờ trong mọi tình huống,https://baocamau.vn/phong-chong-chay-rung-khong-bat-ngo-trong-moi-tinh-huong-a30728.html,2/1/2024,0.5184
môi trường,Dạy trẻ yêu môi trường từ bậc mầm non,https://baocamau.vn/day-tre-yeu-moi-truong-tu-bac-mam-non-a32332.html,1/5/2024,0.4603
